,trade_date,dif_pb,close,本次金额,累计买入金额,累计卖出金额,股票剩余资产
0,20170821,-0.019,8.19,-3281.04,3281.04,0.0,3267.68
1,20170822,-0.016,8.2,-2465.03,5746.07,0.0,5729.19
2,20170823,-0.011,8.24,-1653.02,7399.09,0.0,7403.49
3,20170824,-0.002,8.19,-0.0,7399.09,0.0,7358.54
4,20170825,-0.071,8.38,-13413.16,20812.25,0.0,20923.56
5,20170828,-0.063,8.45,-11835.14,32647.39,0.0,32913.42
6,20170829,-0.013,8.43,-2534.03,35181.42,0.0,35361.32
7,20170830,-0.013,8.44,-2537.03,37718.45,0.0,37932.08
8,20170831,-0.017,8.4,-3365.04,41083.49,0.0,41108.06
9,20170901,-0.021,8.37,-4190.05,45273.54,0.0,45140.96
10,20170904,-0.02,8.38,-3357.04,48630.58,0.0,48542.67
11,20170905,-0.018,8.4,-3365.04,51995.62,0.0,52014.28
12,20170906,-0.023,8.34,-4175.05,56170.670000000006,0.0,55807.48
13,20170907,-0.026,8.3,-4985.06,61155.73,0.0,60513.53
14,20170908,-0.025,8.3,-4985.06,66140.79000000001,0.0,65487.25
15,20170911,-0.021,8.33,-4170.05,70310.84000000001,0.0,69883.7
16,20170912,-0.02,8.33,-3337.04,73647.88,0.0,73211.49
17,20170913,-0.023,8.29,-4150.05,77797.93000000001,0.0,76999.7
18,20170914,-0.027,8.24,-4949.06,82746.99,0.0,81473.04
19,20170915,-0.027,8.23,-4943.06,87690.05,0.0,86305.93
20,20170918,-0.024,8.25,-4130.05,91820.1,0.0,90635.46
21,20170919,-0.023,8.25,-4130.05,95950.15000000001,0.0,94755.26
22,20170920,-0.022,8.25,-4130.05,100080.20000000001,0.0,98875.05
23,20170921,-0.024,8.23,-4120.05,104200.25000000001,0.0,102745.16
24,20170922,-0.028,8.18,-4913.06,109113.31000000001,0.0,107022.74
25,20170925,-0.029,8.16,-5717.07,114830.38,0.0,112465.86
26,20170926,-0.029,8.05,-5640.07,120470.45000000001,0.0,116577.64
27,20170927,-0.032,8.01,-5612.07,126082.52000000002,0.0,121598.29
28,20170928,-0.034,7.99,-6397.08,132479.6,0.0,127678.6
29,20170929,-0.03,8.02,-5619.07,138098.67,0.0,133764.91
30,20171009,-0.019,8.12,-3253.04,141351.71000000002,0.0,138676.73
31,20171010,-0.014,8.16,-2453.03,143804.74000000002,0.0,141804.78
32,20171011,-0.01,8.19,-1643.02,145447.76,0.0,143962.06
33,20171012,-0.013,8.16,-2453.03,147900.79,0.0,145879.63
34,20171013,-0.011,8.17,-1639.02,149539.81,0.0,147690.34
35,20171016,-0.012,8.16,-1637.02,151176.83,0.0,149139.51
36,20171017,-0.013,8.14,-2447.03,153623.86,0.0,151212.89
37,20171018,-0.014,8.13,-2444.03,156067.88999999998,0.0,153463.04
38,20171019,-0.02,8.07,-3233.04,159300.93,0.0,155554.38
39,20171020,-0.02,8.07,-3233.04,162533.97,0.0,158778.31
40,20171023,-0.022,8.05,-4030.05,166564.02,0.0,162404.72
41,20171024,-0.017,8.1,-3245.04,169809.06,0.0,166649.37
42,20171025,-0.016,8.1,-2435.03,172244.09,0.0,169076.3
43,20171026,-0.014,8.12,-2441.03,174685.12,0.0,171926.7
44,20171027,-0.008,8.18,-823.01,175508.13,0.0,174014.08
45,20171030,-0.01,8.17,-1639.02,177147.15,0.0,175433.28
46,20171031,-0.024,8.29,-4150.05,181297.19999999998,0.0,182149.82
47,20171101,-0.029,8.24,-5773.07,187070.27,0.0,186811.92
48,20171102,-0.031,8.22,-5759.07,192829.34,0.0,192105.23
49,20171103,-0.027,8.25,-4955.06,197784.4,0.0,197750.1
50,20171106,-0.025,8.26,-4961.06,202745.46,0.0,202939.55
51,20171107,-0.013,8.36,-2513.03,205258.49,0.0,207901.31
52,20171108,-0.008,8.4,-845.01,206103.5,0.0,209735.0
53,20171109,-0.01,8.37,-1679.02,207782.52,0.0,210657.82
54,20171110,-0.005,8.41,-846.01,208628.53,0.0,212504.5
55,20171113,-0.009,8.45,-1695.02,210323.55,0.0,215203.11
56,20171114,-0.001,8.44,-0.0,210323.55,0.0,214948.43
57,20171115,-0.009,8.36,-1677.02,212000.56999999998,0.0,214580.86
58,20171116,-0.016,8.28,-2489.03,214489.59999999998,0.0,215008.3
59,20171117,-0.057,8.54,-11107.13,225596.72999999998,0.0,232847.84
60,20171120,-0.051,8.59,-9454.11,235050.83999999997,0.0,243648.21
61,20171121,-0.045,8.64,-8645.1,243695.93999999997,0.0,253695.54
62,20171122,-0.001,9.07,-0.0,243695.93999999997,0.0,266321.74
63,20171123,0.064,9.07,12680.16,243695.93999999997,12680.16,253639.75
64,20171124,0.066,9.1,12722.12,243695.93999999997,25402.28,241754.77
65,20171127,0.067,9.11,12736.11,243695.93999999997,38138.39,229282.52
66,20171128,-0.022,8.84,-3541.04,247236.97999999998,38138.39,226018.56
67,20171129,-0.02,8.85,-3545.04,250782.02,38138.39,229809.77
68,20171130,-0.02,8.85,-3545.04,254327.06,38138.39,233345.31
69,20171201,-0.021,8.83,-3537.04,257864.1,38138.39,236345.52
70,20171204,-0.019,8.84,-3541.04,261405.14,38138.39,240144.72
71,20171205,0.056,9.03,10820.04,261405.14,48958.43,234483.92
72,20171206,-0.015,8.87,-2666.03,264071.17000000004,48958.43,232986.77
73,20171207,-0.015,8.87,-2666.03,266737.20000000007,48958.43,235644.41
74,20171208,-0.019,8.82,-3533.04,270270.24000000005,48958.43,237839.62
75,20171211,-0.025,8.75,-4380.05,274650.29000000004,48958.43,240321.47
76,20171212,-0.006,8.56,-861.01,275511.30000000005,48958.43,235957.92
77,20171213,-0.002,8.6,-0.0,275511.30000000005,48958.43,237060.54
78,20171214,-0.012,8.51,-1707.02,277218.32000000007,48958.43,236279.5
79,20171215,-0.007,8.44,-849.01,278067.3300000001,48958.43,235178.86
80,20171218,-0.005,8.46,-851.01,278918.3400000001,48958.43,236581.1
81,20171219,-0.006,8.57,-862.01,279780.3500000001,48958.43,240513.17
82,20171220,-0.004,8.59,-0.0,279780.3500000001,48958.43,241074.47
83,20171221,-0.005,8.58,-863.01,280643.3600000001,48958.43,241650.73
84,20171222,-0.005,8.47,-852.01,281495.3700000001,48958.43,239398.54
85,20171225,-0.003,8.49,-0.0,281495.3700000001,48958.43,239963.84
86,20171226,-0.009,8.54,-1713.02,283208.39000000013,48958.43,243082.91
87,20171227,-0.007,8.46,-851.01,284059.40000000014,48958.43,241650.7
88,20171228,-0.014,8.39,-2522.03,286581.43000000017,48958.43,242165.02
89,20171229,-0.014,8.39,-2522.03,289103.4600000002,48958.43,244678.85
90,20180102,-0.001,8.52,-0.0,289103.4600000002,48958.43,248470.1
91,20180103,-0.004,8.58,-0.0,289103.4600000002,48958.43,250219.91
92,20180104,-0.008,8.54,-859.01,289962.4700000002,48958.43,249906.29
93,20180105,-0.002,8.6,-0.0,289962.4700000002,48958.43,251662.1
94,20180108,-0.015,8.72,-2621.03,292583.50000000023,48958.43,257786.4
95,20180109,-0.018,8.68,-3477.04,296060.5400000002,48958.43,260071.5
96,20180110,-0.004,8.82,-0.0,296060.5400000002,48958.43,264266.25
97,20180111,-0.005,8.8,-885.01,296945.5500000002,48958.43,264545.89
98,20180112,-0.005,8.8,-885.01,297830.56000000023,48958.43,265424.78
99,20180115,0.03,8.87,5311.62,297830.56000000023,54270.05,262220.85
100,20180116,0.03,8.88,5317.61,297830.56000000023,59587.66,257195.2
101,20180117,0.031,8.9,5329.6,297830.56000000023,64917.26,252441.21
102,20180118,0.041,9.01,8095.8,297830.56000000023,73013.06,247462.53
103,20180119,0.051,9.11,10005.87,297830.56000000023,83018.93,240200.73
104,20180122,0.033,8.94,6246.67,297830.56000000023,89265.59999999999,229468.23
105,20180123,0.064,9.24,11994.86,297830.56000000023,101260.45999999999,225171.74
106,20180124,0.073,9.33,13975.85,297830.56000000023,115236.31,213387.64
107,20180125,0.068,9.29,12987.85,297830.56000000023,128224.16,199483.18
108,20180126,0.071,9.32,13960.87,297830.56000000023,142185.03,186165.0
109,20180129,0.059,9.2,11023.84,297830.56000000023,153208.87,172741.92
110,20180130,0.04,9.01,7195.71,297830.56000000023,160404.58,161975.48
111,20180131,0.045,9.06,8140.76,297830.56000000023,168545.34,154730.63
112,20180201,0.061,9.22,11968.88,297830.56000000023,180514.22,145492.33
113,20180202,0.056,9.17,10987.88,297830.56000000023,191502.1,133713.19
114,20180205,0.084,9.45,16043.76,297830.56000000023,207545.86000000002,121751.33
115,20180206,0.049,9.11,9095.79,297830.56000000023,216641.65000000002,108272.3
116,20180207,0.038,9.0,7187.72,297830.56000000023,223829.37000000002,99774.01
117,20180208,-0.006,8.71,-876.01,298706.57000000024,223829.37000000002,97428.94
118,20180209,-0.034,8.29,-6637.08,305343.65000000026,223829.37000000002,99354.45
119,20180212,-0.031,8.32,-5829.07,311172.72000000026,223829.37000000002,105530.65
120,20180213,-0.023,8.39,-4200.05,315372.77000000025,223829.37000000002,110608.25
121,20180214,-0.02,8.42,-3373.04,318745.81000000023,223829.37000000002,114367.5
122,20180222,-0.007,8.55,-860.01,319605.82000000024,223829.37000000002,116987.21
123,20180223,-0.001,8.79,-0.0,319605.82000000024,223829.37000000002,120271.1
124,20180226,-0.003,8.77,-0.0,319605.82000000024,223829.37000000002,119997.44
125,20180227,-0.003,8.59,-0.0,319605.82000000024,223829.37000000002,117534.53
126,20180228,-0.013,8.49,-2552.03,322157.85000000027,223829.37000000002,118710.03
127,20180301,-0.011,8.5,-1705.02,323862.8700000003,223829.37000000002,120547.71
128,20180302,-0.018,8.43,-3377.04,327239.91000000027,223829.37000000002,122922.69
129,20180305,-0.018,8.43,-3377.04,330616.95000000024,223829.37000000002,126290.44
130,20180306,-0.011,8.5,-1705.02,332321.97000000026,223829.37000000002,129036.98
131,20180307,-0.015,8.46,-2543.03,334865.0000000003,223829.37000000002,130964.54
132,20180308,-0.012,8.49,-1703.02,336568.0200000003,223829.37000000002,133124.81
133,20180309,-0.01,8.51,-1707.02,338275.0400000003,223829.37000000002,135138.27
134,20180312,-0.011,8.5,-1705.02,339980.06000000035,223829.37000000002,136677.33
135,20180313,-0.015,8.46,-2543.03,342523.0900000004,223829.37000000002,138568.93
136,20180314,-0.023,8.38,-4195.05,346718.14000000036,223829.37000000002,141443.28
137,20180315,-0.025,8.36,-4185.05,350903.19000000035,223829.37000000002,145280.43
138,20180316,-0.03,8.31,-5822.07,356725.26000000036,223829.37000000002,150221.18
139,20180319,-0.032,8.29,-5808.07,362533.33000000037,223829.37000000002,155655.3
140,20180320,-0.031,8.3,-5815.07,368348.4000000004,223829.37000000002,161645.74
141,20180321,-0.031,8.29,-5808.07,374156.4700000004,223829.37000000002,167246.66
142,20180322,-0.035,8.25,-6605.08,380761.5500000004,223829.37000000002,173031.34
143,20180323,-0.063,7.98,-11975.15,392736.7000000004,223829.37000000002,179323.31
144,20180326,-0.064,7.96,-12741.16,405477.8600000004,223829.37000000002,191593.8
145,20180327,-0.06,8.0,-12005.15,417483.0100000004,223829.37000000002,204541.44
146,20180328,-0.06,7.99,-11990.15,429473.16000000044,223829.37000000002,216255.63
147,20180329,-0.051,8.08,-9701.12,439174.28000000044,223829.37000000002,228375.34
148,20180330,-0.078,7.99,-15186.19,454360.47000000044,223829.37000000002,240993.36
149,20180402,-0.081,7.96,-15925.2,470285.67000000045,223829.37000000002,255988.39
150,20180403,-0.085,7.91,-16616.21,486901.88000000047,223829.37000000002,270970.43
151,20180404,-0.083,7.92,-15845.2,502747.0800000005,223829.37000000002,287133.0
152,20180409,-0.085,7.9,-16595.21,519342.2900000005,223829.37000000002,302976.96
153,20180410,-0.07,8.04,-13673.17,533015.4600000005,223829.37000000002,321996.98
154,20180411,-0.066,8.08,-12933.16,545948.6200000006,223829.37000000002,336510.66
155,20180412,-0.066,8.07,-12917.16,558865.7800000006,223829.37000000002,348989.88
156,20180413,-0.072,8.01,-13622.17,572487.9500000007,223829.37000000002,359994.94
157,20180416,-0.087,7.85,-17275.22,589763.1700000006,223829.37000000002,370052.13
158,20180417,-0.086,7.84,-16469.21,606232.3800000006,223829.37000000002,386023.93
159,20180418,-0.077,7.91,-15034.19,621266.5700000005,223829.37000000002,404480.64
160,20180419,-0.073,7.93,-14279.18,635545.7500000006,223829.37000000002,419759.34
161,20180420,-0.085,7.79,-16364.21,651909.9600000005,223829.37000000002,428686.95
162,20180423,-0.085,7.77,-16322.21,668232.1700000005,223829.37000000002,443882.73
163,20180424,-0.072,7.88,-14189.18,682421.3500000006,223829.37000000002,464332.95
164,20180425,-0.083,7.75,-16280.21,698701.5600000005,223829.37000000002,472926.98
165,20180426,-0.087,7.68,-16901.22,715602.7800000005,223829.37000000002,485529.99
166,20180427,-0.081,7.72,-15445.2,731047.9800000004,223829.37000000002,503479.33
167,20180502,-0.089,7.74,-17033.22,748081.2000000004,223829.37000000002,521790.19
168,20180503,-0.08,7.79,-15585.2,763666.4000000004,223829.37000000002,540721.29
169,20180504,-0.076,7.81,-14844.19,778510.5900000003,223829.37000000002,556929.82
170,20180507,-0.07,7.84,-13333.17,791843.7600000004,223829.37000000002,572380.31
171,20180508,-0.059,7.92,-11093.14,802936.9000000004,223829.37000000002,589295.0
172,20180509,-0.055,7.94,-10327.13,813264.0300000004,223829.37000000002,601092.11
173,20180510,-0.053,7.94,-10327.13,823591.1600000004,223829.37000000002,611401.07
174,20180511,-0.051,7.93,-9521.12,833112.2800000004,223829.37000000002,620135.02
175,20180514,-0.046,7.95,-8750.11,841862.3900000004,223829.37000000002,630433.02
176,20180515,-0.046,7.92,-8717.11,850579.5000000003,223829.37000000002,636755.0
177,20180516,-0.053,7.83,-10184.13,860763.6300000004,223829.37000000002,639685.2
178,20180517,-0.05,7.83,-9401.12,870164.7500000003,223829.37000000002,649069.34
179,20180518,-0.039,7.92,-7133.09,877297.8400000003,223829.37000000002,663649.0
180,20180521,-0.036,7.94,-7151.09,884448.9300000003,223829.37000000002,672461.88
181,20180522,-0.041,7.88,-7885.1,892334.0300000003,223829.37000000002,675250.29
182,20180523,-0.049,7.79,-9353.12,901687.1500000003,223829.37000000002,676874.14
183,20180524,-0.045,7.81,-8596.11,910283.2600000002,223829.37000000002,687192.11
184,20180525,-0.046,7.78,-8563.11,918846.3700000002,223829.37000000002,693099.61
185,20180528,-0.041,7.81,-7815.1,926661.4700000002,223829.37000000002,703572.4
186,20180529,-0.043,7.77,-8552.11,935213.5800000002,223829.37000000002,708505.12
187,20180530,-0.057,7.61,-10659.14,945872.7200000002,223829.37000000002,704555.92
188,20180531,-0.05,7.66,-9963.13,955835.8500000002,223829.37000000002,719130.55
189,20180601,-0.043,7.71,-8486.11,964321.9600000002,223829.37000000002,732294.96
190,20180604,-0.04,7.72,-7725.1,972047.0600000002,223829.37000000002,740955.03
191,20180605,-0.042,7.69,-7695.1,979742.1600000001,223829.37000000002,745755.92
192,20180606,-0.044,7.65,-8420.11,988162.2700000001,223829.37000000002,750281.14
193,20180607,-0.042,7.65,-7655.1,995817.3700000001,223829.37000000002,757921.48
194,20180608,-0.054,7.51,-10519.14,1006336.5100000001,223829.37000000002,754551.56
195,20180611,-0.053,7.5,-10505.14,1016841.6500000001,223829.37000000002,764033.55
196,20180612,-0.053,7.47,-10463.14,1027304.7900000002,223829.37000000002,771422.16
197,20180613,-0.057,7.41,-11120.15,1038424.9400000002,223829.37000000002,776326.87
198,20180614,-0.052,7.44,-9677.13,1048102.0700000002,223829.37000000002,789129.72
199,20180615,-0.049,7.45,-9690.13,1057792.2000000002,223829.37000000002,799863.16
200,20180619,-0.067,7.25,-13055.18,1070847.3800000001,223829.37000000002,791423.54
201,20180620,-0.06,7.3,-11685.16,1082532.54,223829.37000000002,808546.95
202,20180621,-0.062,7.25,-12330.17,1094862.71,223829.37000000002,815318.3
203,20180622,-0.061,7.24,-11589.16,1106451.8699999999,223829.37000000002,825763.07
204,20180625,-0.072,7.11,-14225.2,1120677.0699999998,223829.37000000002,825137.65
205,20180626,-0.077,7.04,-14789.21,1135466.2799999998,223829.37000000002,831779.13
206,20180627,-0.089,6.89,-17230.25,1152696.5299999998,223829.37000000002,831259.53
207,20180628,-0.083,6.93,-15944.23,1168640.7599999998,223829.37000000002,852004.34
208,20180629,-0.074,7.0,-14705.21,1183345.9699999997,223829.37000000002,875291.98
209,20180702,-0.09,6.81,-17711.26,1201057.2299999997,223829.37000000002,869217.32
210,20180703,-0.083,6.87,-16493.24,1217550.4699999997,223829.37000000002,893342.89
211,20180704,-0.087,6.8,-17005.25,1234555.7199999997,223829.37000000002,901218.78
212,20180705,-0.087,5.6,-17365.31,1251921.0299999998,223829.37000000002,759515.82
213,20180706,-0.072,5.71,-14280.25,1266201.2799999998,223829.37000000002,788692.05
214,20180709,-0.054,5.85,-10535.18,1276736.4599999997,223829.37000000002,818546.51
215,20180710,-0.057,5.81,-11044.19,1287780.6499999997,223829.37000000002,823974.53
216,20180711,-0.066,5.72,-13161.23,1300941.8799999997,223829.37000000002,824349.82
217,20180712,-0.052,5.82,-9899.17,1310841.0499999996,223829.37000000002,848643.25
218,20180713,-0.051,5.81,-9882.17,1320723.2199999995,223829.37000000002,857049.56
219,20180716,-0.057,5.75,-10930.19,1331653.4099999995,223829.37000000002,859109.79
220,20180717,-0.054,5.76,-10373.18,1342026.5899999994,223829.37000000002,870958.78
221,20180718,-0.054,5.75,-10355.18,1352381.7699999993,223829.37000000002,879783.56
222,20180719,-0.051,5.76,-9797.17,1362178.9399999992,223829.37000000002,891093.23
223,20180720,-0.028,5.94,-5351.09,1367530.0299999993,223829.37000000002,924279.61
224,20180723,-0.02,6.0,-3605.06,1371135.0899999994,223829.37000000002,937211.36
225,20180724,-0.017,6.01,-3010.05,1374145.1399999994,223829.37000000002,941774.6
226,20180725,-0.019,5.99,-3599.06,1377744.1999999995,223829.37000000002,942229.97
227,20180726,-0.022,5.96,-4177.07,1381921.2699999996,223829.37000000002,941677.59
228,20180727,-0.019,5.97,-3587.06,1385508.3299999996,223829.37000000002,946835.08
229,20180730,-0.009,6.05,-1215.02,1386723.3499999996,223829.37000000002,960731.66
230,20180731,-0.005,6.08,-613.01,1387336.3599999996,223829.37000000002,966102.93
231,20180801,-0.019,5.95,-3575.06,1390911.4199999997,223829.37000000002,949011.26
232,20180802,-0.033,5.83,-6418.11,1397329.5299999998,223829.37000000002,936276.09
233,20180803,-0.032,5.82,-5825.1,1403154.63,223829.37000000002,940482.72
234,20180806,-0.028,5.84,-5261.09,1408415.72,223829.37000000002,948964.02
235,20180807,-0.012,5.97,-2393.04,1410808.76,223829.37000000002,972473.56
236,20180808,-0.018,5.91,-3551.06,1414359.82,223829.37000000002,966241.3
237,20180809,-0.009,5.97,-1796.03,1416155.85,223829.37000000002,977839.75
238,20180810,-0.01,5.96,-1793.03,1417948.8800000001,223829.37000000002,977987.54
239,20180813,-0.017,5.89,-2950.05,1420898.9300000002,223829.37000000002,969442.18
240,20180814,-0.019,5.86,-3521.06,1424419.9900000002,223829.37000000002,968015.91
241,20180815,-0.027,5.78,-5207.09,1429627.0800000003,223829.37000000002,959995.85
242,20180816,-0.021,5.82,-4079.07,1433706.1500000004,223829.37000000002,970708.38
243,20180817,-0.022,5.8,-4065.07,1437771.2200000004,223829.37000000002,971427.41
244,20180820,-0.014,5.86,-2349.04,1440120.2600000005,223829.37000000002,983817.86
245,20180821,-0.009,5.89,-1772.03,1441892.2900000005,223829.37000000002,990619.32
246,20180822,-0.012,5.86,-2349.04,1444241.3300000005,223829.37000000002,987914.66
247,20180823,-0.011,5.86,-1763.03,1446004.3600000006,223829.37000000002,989670.43
248,20180824,-0.046,5.96,-8945.15,1454949.5100000005,223829.37000000002,1015487.97
249,20180827,-0.037,6.03,-7241.12,1462190.6300000006,223829.37000000002,1034641.88
250,20180828,-0.041,5.98,-7779.13,1469969.7600000005,223829.37000000002,1033826.77
251,20180829,-0.043,5.96,-8349.14,1478318.9000000004,223829.37000000002,1038702.53
252,20180830,-0.003,5.89,-594.01,1478912.9100000004,223829.37000000002,1027091.05
253,20180831,-0.015,5.97,-2990.05,1481902.9600000004,223829.37000000002,1044022.81
254,20180903,-0.013,5.98,-2397.04,1484300.0000000005,223829.37000000002,1048160.59
255,20180904,-0.046,6.08,-9125.15,1493425.1500000004,223829.37000000002,1074797.1
256,20180905,-0.009,6.0,-1805.03,1495230.1800000004,223829.37000000002,1062452.52
257,20180906,-0.008,6.0,-1205.02,1496435.2000000004,223829.37000000002,1063651.0
258,20180907,-0.008,5.99,-1203.02,1497638.2200000004,223829.37000000002,1063074.7
259,20180910,-0.01,5.97,-1796.03,1499434.2500000005,223829.37000000002,1061313.88
260,20180911,-0.017,5.9,-2955.05,1502389.3000000005,223829.37000000002,1051815.71
261,20180912,-0.007,5.98,-1201.02,1503590.3200000005,223829.37000000002,1067272.35
262,20180913,-0.005,6.0,-605.01,1504195.3300000005,223829.37000000002,1071441.12
263,20180914,-0.007,5.98,-1201.02,1505396.3500000006,223829.37000000002,1069064.08
264,20180917,-0.01,5.95,-1790.03,1507186.3800000006,223829.37000000002,1065483.53
265,20180918,-0.038,6.03,-7241.12,1514427.5000000007,223829.37000000002,1087036.43
266,20180919,-0.037,6.03,-7241.12,1521668.6200000008,223829.37000000002,1094263.27
267,20180920,-0.034,6.05,-6660.11,1528328.730000001,223829.37000000002,1104539.29
268,20180921,-0.01,6.25,-1880.03,1530208.760000001,223829.37000000002,1142926.22
269,20180925,-0.017,6.18,-3095.05,1533303.810000001,223829.37000000002,1133211.33
270,20180926,-0.009,6.24,-1253.02,1534556.830000001,223829.37000000002,1145459.98
271,20180927,-0.005,6.27,-632.01,1535188.840000001,223829.37000000002,1151593.29
272,20180928,-0.07,6.34,-13953.22,1549142.060000001,223829.37000000002,1178380.55
273,20181008,-0.022,6.11,-4282.07,1553424.130000001,223829.37000000002,1139902.64
274,20181009,-0.022,6.11,-4282.07,1557706.2000000011,223829.37000000002,1144174.22
275,20181010,-0.013,6.18,-2477.04,1560183.2400000012,223829.37000000002,1159751.68
276,20181011,-0.013,5.96,-2389.04,1562572.2800000012,223829.37000000002,1120846.33
277,20181012,-0.005,6.03,-608.01,1563180.2900000012,223829.37000000002,1134613.09
278,20181015,-0.008,6.01,-1207.02,1564387.3100000012,223829.37000000002,1132050.28
279,20181016,-0.003,6.05,-0.0,1564387.3100000012,223829.37000000002,1139584.85
280,20181017,-0.012,6.15,-1850.03,1566237.3400000012,223829.37000000002,1160263.94
281,20181018,-0.003,6.06,-0.0,1566237.3400000012,223829.37000000002,1143284.19
282,20181019,-0.008,6.18,-1241.02,1567478.3600000013,223829.37000000002,1167158.29
283,20181022,-0.064,6.34,-12685.2,1580163.5600000012,223829.37000000002,1210040.42
284,20181023,-0.006,6.18,-623.01,1580786.5700000012,223829.37000000002,1180119.86
285,20181024,-0.069,6.28,-13193.21,1593979.7800000012,223829.37000000002,1212387.26
286,20181025,-0.062,6.34,-12051.19,1606030.9700000011,223829.37000000002,1236001.52
287,20181026,-0.068,6.28,-13193.21,1619224.180000001,223829.37000000002,1237475.47
288,20181029,-0.067,6.29,-13214.21,1632438.390000001,223829.37000000002,1252638.28
289,20181030,-0.055,6.39,-10868.17,1643306.560000001,223829.37000000002,1283402.6
290,20181031,-0.012,6.39,-1922.03,1645228.590000001,223829.37000000002,1285317.18
291,20181101,-0.01,6.29,-1892.03,1647120.620000001,223829.37000000002,1267086.96
292,20181102,-0.011,6.39,-1922.03,1649042.650000001,223829.37000000002,1289146.33
293,20181105,-0.003,6.35,-0.0,1649042.650000001,223829.37000000002,1281076.43
294,20181106,-0.013,6.26,-2509.04,1651551.690000001,223829.37000000002,1265419.98
295,20181107,-0.015,6.24,-2501.04,1654052.7300000011,223829.37000000002,1263869.88
296,20181108,-0.012,6.27,-1886.03,1655938.7600000012,223829.37000000002,1271824.89
297,20181109,-0.021,6.18,-3713.06,1659651.8200000012,223829.37000000002,1257272.05
298,20181112,-0.019,6.2,-3725.06,1663376.8800000013,223829.37000000002,1265056.25
299,20181113,-0.017,6.21,-3110.05,1666486.9300000013,223829.37000000002,1270197.76
300,20181114,-0.025,6.14,-4917.08,1671404.0100000014,223829.37000000002,1260785.46
301,20181115,-0.021,6.17,-3707.06,1675111.0700000015,223829.37000000002,1270643.06
302,20181116,-0.022,6.16,-4317.07,1679428.1400000015,223829.37000000002,1272890.18
303,20181119,-0.014,6.23,-2497.04,1681925.1800000016,223829.37000000002,1289843.92
304,20181120,-0.021,6.16,-3701.06,1685626.2400000016,223829.37000000002,1279042.38
305,20181121,-0.021,6.16,-3701.06,1689327.3000000017,223829.37000000002,1282733.7
306,20181122,-0.023,6.14,-4303.07,1693630.3700000017,223829.37000000002,1282861.47
307,20181123,-0.031,6.06,-6065.1,1699695.4700000018,223829.37000000002,1272198.72
308,20181126,-0.031,6.06,-6065.1,1705760.570000002,223829.37000000002,1278251.04
309,20181127,-0.033,6.04,-6045.1,1711805.670000002,223829.37000000002,1280064.67
310,20181128,-0.03,6.06,-5459.09,1717264.760000002,223829.37000000002,1289750.46
311,20181129,-0.031,6.04,-6045.1,1723309.8600000022,223829.37000000002,1291526.14
312,20181130,-0.024,6.1,-4275.07,1727584.9300000023,223829.37000000002,1308620.67
313,20181203,-0.016,6.17,-3090.05,1730674.9800000023,223829.37000000002,1326718.97
314,20181204,-0.013,6.19,-2481.04,1733156.0200000023,223829.37000000002,1333492.45
315,20181205,-0.02,6.13,-3683.06,1736839.0800000024,223829.37000000002,1324239.97
316,20181206,-0.026,6.07,-4861.08,1741700.1600000025,223829.37000000002,1316128.04
317,20181207,-0.025,6.07,-4861.08,1746561.2400000026,223829.37000000002,1320977.89
318,20181210,-0.031,6.02,-6025.1,1752586.3400000026,223829.37000000002,1316108.89
319,20181211,-0.032,6.0,-6005.1,1758591.4400000027,223829.37000000002,1317728.76
320,20181212,-0.033,5.99,-6594.11,1765185.5500000028,223829.37000000002,1322113.16
321,20181213,-0.031,6.0,-6005.1,1771190.650000003,223829.37000000002,1330312.8
322,20181214,-0.036,5.95,-7145.12,1778335.770000003,223829.37000000002,1326357.63
323,20181217,-0.039,5.92,-7701.13,1786036.900000003,223829.37000000002,1327356.25
324,20181218,-0.046,5.85,-8780.15,1794817.0500000028,223829.37000000002,1320424.77
325,20181219,-0.049,5.82,-9317.16,1804134.2100000028,223829.37000000002,1322953.45
326,20181220,-0.055,5.76,-10949.19,1815083.4000000027,223829.37000000002,1320244.65
327,20181221,-0.058,5.72,-11445.2,1826528.6000000027,223829.37000000002,1322501.63
328,20181224,-0.059,5.7,-11405.2,1837933.8000000026,223829.37000000002,1329262.96
329,20181225,-0.06,5.68,-11933.21,1849867.0100000026,223829.37000000002,1336511.68
330,20181226,-0.062,5.65,-11870.21,1861737.2200000025,223829.37000000002,1341302.47
331,20181227,-0.06,5.65,-11870.21,1873607.4300000025,223829.37000000002,1353152.43
332,20181228,-0.05,5.73,-9746.17,1883353.6000000024,223829.37000000002,1382041.11
333,20190102,-0.057,5.65,-11305.2,1894658.8000000024,223829.37000000002,1374030.93
334,20190103,-0.054,5.67,-10778.19,1905436.9900000023,223829.37000000002,1389654.19
335,20190104,-0.04,5.78,-7519.13,1912956.1200000022,223829.37000000002,1424118.92
336,20190107,-0.041,5.76,-8069.14,1921025.260000002,223829.37000000002,1427244.87
337,20190108,-0.041,5.75,-8055.14,1929080.400000002,223829.37000000002,1432806.77
338,20190109,-0.039,5.76,-7493.13,1936573.530000002,223829.37000000002,1442777.16
339,20190110,-0.04,5.74,-7467.13,1944040.6600000018,223829.37000000002,1445219.97
340,20190111,-0.036,5.77,-6929.12,1950969.780000002,223829.37000000002,1459688.74
341,20190114,-0.039,5.73,-7454.13,1958423.9100000018,223829.37000000002,1457008.97
342,20190115,-0.032,5.79,-6374.11,1964798.0200000019,223829.37000000002,1478626.8
343,20190116,-0.031,5.79,-5795.1,1970593.120000002,223829.37000000002,1484409.46
344,20190117,-0.033,5.76,-6341.11,1976934.230000002,223829.37000000002,1483046.06
345,20190118,-0.023,5.83,-4086.07,1981020.3000000021,223829.37000000002,1505145.33
346,20190121,-0.023,5.82,-4079.07,1985099.3700000022,223829.37000000002,1506632.4
347,20190122,-0.023,5.81,-4072.07,1989171.4400000023,223829.37000000002,1508105.49
348,20190123,-0.021,5.82,-4079.07,1993250.5100000023,223829.37000000002,1514770.07
349,20190124,-0.018,5.83,-3503.06,1996753.5700000024,223829.37000000002,1520866.39
350,20190125,-0.009,5.9,-1775.03,1998528.6000000024,223829.37000000002,1540895.29
351,20190128,-0.01,5.88,-1769.03,2000297.6300000024,223829.37000000002,1537433.59
352,20190129,-0.004,5.93,-598.01,2000895.6400000025,223829.37000000002,1551099.48
353,20190130,-0.005,5.91,-596.01,2001491.6500000025,223829.37000000002,1546458.28
354,20190131,-0.014,5.95,-2385.04,2003876.6900000025,223829.37000000002,1559302.16
355,20190201,-0.014,5.94,-2381.04,2006257.7300000025,223829.37000000002,1559054.43
356,20190211,-0.013,5.94,-2381.04,2008638.7700000026,223829.37000000002,1561427.42
357,20190212,-0.013,5.94,-2381.04,2011019.8100000026,223829.37000000002,1563800.41
358,20190213,-0.001,6.04,-0.0,2011019.8100000026,223829.37000000002,1590127.46
359,20190214,-0.002,6.03,-0.0,2011019.8100000026,223829.37000000002,1587494.75
360,20190215,-0.01,5.95,-1790.03,2012809.8400000026,223829.37000000002,1568215.85
361,20190218,-0.025,6.04,-4837.08,2017646.9200000027,223829.37000000002,1596763.05
362,20190219,-0.025,6.03,-4829.08,2022476.0000000028,223829.37000000002,1598937.24
363,20190220,-0.025,6.03,-4829.08,2027305.0800000029,223829.37000000002,1603755.13
364,20190221,-0.002,6.0,-0.0,2027305.0800000029,223829.37000000002,1595776.12
365,20190222,-0.02,6.07,-3647.06,2030952.140000003,223829.37000000002,1618031.21
366,20190225,-0.019,6.48,-3245.05,2034197.190000003,223829.37000000002,1730559.32
367,20190226,-0.021,6.46,-3881.06,2038078.250000003,223829.37000000002,1729089.1
368,20190227,-0.009,6.56,-1317.02,2039395.270000003,223829.37000000002,1757165.94
369,20190228,-0.012,6.53,-1964.03,2041359.300000003,223829.37000000002,1751086.52
370,20190301,0.07,6.69,13361.42,2041359.300000003,237190.79000000004,1780629.74
371,20190304,0.075,6.74,14807.95,2041359.300000003,251998.74000000005,1779128.84
372,20190305,0.075,6.75,14829.93,2041359.300000003,266828.67000000004,1766937.32
373,20190306,0.074,6.75,14155.62,2041359.300000003,280984.29000000004,1752780.25
374,20190307,0.062,6.65,11952.85,2041359.300000003,292937.14,1714857.89
375,20190308,-0.022,6.4,-3845.06,2045204.3600000031,292937.14,1654223.72
376,20190311,-0.018,6.43,-3220.05,2048424.4100000032,292937.14,1665188.95
377,20190312,-0.015,6.45,-2585.04,2051009.4500000032,292937.14,1672945.2
378,20190313,-0.015,6.44,-2581.04,2053590.4900000033,292937.14,1672924.19
379,20190314,-0.015,6.44,-2581.04,2056171.5300000033,292937.14,1675496.93
380,20190315,-0.013,6.45,-2585.04,2058756.5700000033,292937.14,1680675.4
381,20190318,-0.003,6.54,-0.0,2058756.5700000033,292937.14,1704127.05
382,20190319,-0.007,6.5,-1305.02,2060061.5900000033,292937.14,1695002.45
383,20190320,-0.008,6.48,-1301.02,2061362.6100000034,292937.14,1691081.34
384,20190321,-0.011,6.45,-1940.03,2063302.6400000034,292937.14,1685184.69
385,20190322,-0.013,6.42,-2573.04,2065875.6800000034,292937.14,1679911.25
386,20190325,-0.026,6.29,-5037.08,2070912.7600000035,292937.14,1650919.46
387,20190326,-0.001,6.26,-0.0,2070912.7600000035,292937.14,1643045.31
388,20190327,-0.001,6.25,-0.0,2070912.7600000035,292937.14,1640420.59
389,20190328,-0.007,6.2,-1245.02,2072157.7800000035,292937.14,1628535.45
390,20190329,-0.019,6.34,-3175.05,2075332.8300000036,292937.14,1668475.41
391,20190401,-0.005,6.46,-651.01,2075983.8400000036,292937.14,1700701.07
392,20190402,-0.006,6.45,-650.01,2076633.8500000036,292937.14,1698712.55
393,20190403,0.034,6.5,6488.4,2076633.8500000036,299425.54000000004,1705389.29
394,20190404,0.04,6.56,7859.01,2076633.8500000036,307284.55000000005,1713269.55
395,20190408,0.043,6.61,8579.28,2076633.8500000036,315863.8300000001,1717746.08
396,20190409,0.037,6.56,7203.67,2076633.8500000036,323067.50000000006,1697545.47
397,20190410,0.032,6.53,5866.03,2076633.8500000036,328933.5300000001,1683912.62
398,20190411,0.027,6.49,5181.73,2076633.8500000036,334115.26000000007,1668412.1
399,20190412,0.028,6.51,5197.71,2076633.8500000036,339312.9700000001,1668352.26
400,20190415,0.027,6.5,5189.72,2076633.8500000036,344502.69000000006,1660596.04
401,20190416,0.047,6.69,9351.49,2076633.8500000036,353854.18000000005,1699783.14
402,20190417,0.041,6.64,7954.91,2076633.8500000036,361809.09,1679121.12
403,20190418,0.038,6.61,7258.62,2076633.8500000036,369067.71,1664272.81
404,20190419,0.04,6.63,7942.92,2076633.8500000036,377010.63,1661362.58
405,20190422,0.026,6.5,5189.72,2076633.8500000036,382200.35,1623592.93
406,20190423,0.023,6.47,4519.4,2076633.8500000036,386719.75,1611576.04
407,20190424,-0.002,6.44,-0.0,2076633.8500000036,386719.75,1604103.39
408,20190425,-0.008,6.38,-1281.02,2077914.8700000036,386719.75,1590432.48
409,20190426,-0.008,6.28,-1261.02,2079175.8900000036,386719.75,1566758.09
410,20190429,-0.007,6.38,-1281.02,2080456.9100000036,386719.75,1592981.25
411,20190430,-0.01,6.4,-1925.03,2082381.9400000037,386719.75,1599892.57
412,20190506,-0.027,6.23,-4989.08,2087371.0200000037,386719.75,1562372.45
413,20190507,-0.025,6.24,-4997.08,2092368.1000000038,386719.75,1569865.99
414,20190508,-0.03,6.19,-5576.09,2097944.1900000037,386719.75,1562850.68
415,20190509,-0.037,6.12,-7349.12,2105293.310000004,386719.75,1552511.5
416,20190510,-0.029,6.19,-5576.09,2110869.4000000036,386719.75,1575833.22
417,20190513,-0.034,6.14,-6759.11,2117628.5100000035,386719.75,1569849.6
418,20190514,-0.036,6.11,-6726.11,2124354.6200000034,386719.75,1568891.69
419,20190515,-0.032,6.15,-6155.1,2130509.7200000035,386719.75,1585305.05
420,20190516,-0.032,6.14,-6145.1,2136654.8200000036,386719.75,1588859.5
421,20190517,-0.038,6.08,-7301.12,2143955.9400000037,386719.75,1580619.69
422,20190520,-0.035,6.11,-6726.11,2150682.0500000035,386719.75,1595131.42
423,20190521,-0.033,6.12,-6125.1,2156807.1500000036,386719.75,1603854.4
424,20190522,-0.034,6.11,-6726.11,2163533.2600000035,386719.75,1607946.17
425,20190523,-0.037,6.08,-7301.12,2170834.3800000036,386719.75,1607337.81
426,20190524,-0.034,6.1,-6715.11,2177549.4900000035,386719.75,1619326.7
427,20190527,-0.029,6.14,-5531.09,2183080.5800000033,386719.75,1635464.41
428,20190528,-0.025,6.18,-4949.08,2188029.6600000034,386719.75,1651056.81
429,20190529,-0.03,6.13,-5522.09,2193551.7500000033,386719.75,1643208.54
430,20190530,-0.03,6.13,-5522.09,2199073.840000003,386719.75,1648718.56
431,20190531,-0.031,6.11,-6115.1,2205188.940000003,386719.75,1649441.55
432,20190603,-0.025,6.17,-4941.08,2210130.0200000033,386719.75,1670569.03
433,20190604,-0.024,6.18,-4331.07,2214461.090000003,386719.75,1677597.17
434,20190605,-0.023,6.19,-4338.07,2218799.160000003,386719.75,1684639.28
435,20190606,-0.021,6.2,-3725.06,2222524.220000003,386719.75,1691076.17
436,20190610,-0.018,6.23,-3120.05,2225644.270000003,386719.75,1702369.98
437,20190611,-0.012,6.28,-1889.03,2227533.3000000026,386719.75,1717914.5
438,20190612,-0.013,6.27,-2513.04,2230046.3400000026,386719.75,1717683.74
439,20190613,-0.012,6.28,-1889.03,2231935.3700000024,386719.75,1722304.93
440,20190614,-0.011,6.29,-1892.03,2233827.4000000022,386719.75,1726932.11
441,20190617,-0.012,6.28,-1889.03,2235716.430000002,386719.75,1726068.16
442,20190618,-0.009,6.31,-1267.02,2236983.450000002,386719.75,1735574.24
443,20190619,-0.006,6.34,-639.01,2237622.460000002,386719.75,1744459.11
444,20190620,-0.004,6.4,-645.01,2238267.4700000016,386719.75,1761607.64
445,20190621,-0.004,6.39,-644.01,2238911.4800000014,386719.75,1759493.28
446,20190624,-0.001,6.41,-0.0,2238911.4800000014,386719.75,1765000.38
447,20190625,-0.006,6.34,-639.01,2239550.490000001,386719.75,1746358.71
448,20190626,-0.006,6.34,-639.01,2240189.500000001,386719.75,1746991.9
449,20190627,-0.004,6.36,-641.01,2240830.5100000007,386719.75,1753138.2
450,20190628,-0.005,6.35,-640.01,2241470.5200000005,386719.75,1751015.85
451,20190701,-0.012,6.42,-1931.03,2243401.5500000003,386719.75,1772242.25
452,20190702,-0.01,6.44,-1937.03,2245338.58,386719.75,1779692.9
453,20190703,-0.008,6.46,-1297.02,2246635.6,386719.75,1786510.34
454,20190704,-0.01,6.44,-1937.03,2248572.63,386719.75,1782908.82
455,20190705,-0.008,6.09,-1223.02,2249795.65,386719.75,1687226.55
456,20190708,-0.017,6.0,-3005.05,2252800.6999999997,386719.75,1665287.96
457,20190709,-0.018,5.98,-3593.06,2256393.76,386719.75,1663320.36
458,20190710,-0.017,5.98,-2995.05,2259388.8099999996,386719.75,1666306.58
459,20190711,-0.015,5.99,-3000.05,2262388.8599999994,386719.75,1672084.29
460,20190712,-0.009,6.03,-1211.02,2263599.8799999994,386719.75,1684454.79
461,20190715,-0.011,6.01,-1808.03,2265407.909999999,386719.75,1680668.5
462,20190716,-0.011,6.0,-1805.03,2267212.939999999,386719.75,1679669.72
463,20190717,-0.014,5.96,-2389.04,2269601.979999999,386719.75,1670852.72
464,20190718,-0.013,5.96,-2389.04,2271991.019999999,386719.75,1673233.69
465,20190719,-0.007,6.0,-1205.02,2273196.039999999,386719.75,1685662.12
466,20190722,-0.009,5.97,-1796.03,2274992.069999999,386719.75,1679022.4
467,20190723,-0.007,5.98,-1201.02,2276193.089999999,386719.75,1683029.37
468,20190724,-0.004,6.0,-605.01,2276798.0999999987,386719.75,1689257.56
469,20190725,-0.016,6.05,-3030.05,2279828.1499999985,386719.75,1706356.11
470,20190726,-0.017,6.04,-3025.05,2282853.1999999983,386719.75,1706551.81
471,20190729,-0.017,6.04,-3025.05,2285878.249999998,386719.75,1709567.99
472,20190730,-0.014,6.07,-2433.04,2288311.289999998,386719.75,1720484.29
473,20190731,-0.014,6.07,-2433.04,2290744.329999998,386719.75,1722909.21
474,20190801,-0.019,6.02,-3617.06,2294361.3899999983,386719.75,1712324.4
475,20190802,-0.006,5.96,-1197.02,2295558.4099999983,386719.75,1696448.25
476,20190805,-0.017,5.85,-2930.05,2298488.459999998,386719.75,1668058.73
477,20190806,-0.026,5.77,-5198.09,2303686.549999998,386719.75,1650433.7
478,20190807,-0.029,5.74,-5745.1,2309431.649999998,386719.75,1647585.17
479,20190808,-0.025,5.77,-4621.08,2314052.729999998,386719.75,1660806.54
480,20190809,-0.024,5.78,-4629.08,2318681.809999998,386719.75,1668303.08
481,20190812,-0.018,5.83,-3503.06,2322184.8699999982,386719.75,1686228.58
482,20190813,-0.021,5.8,-4065.07,2326249.939999998,386719.75,1681606.29
483,20190814,-0.022,5.79,-4058.07,2330308.009999998,386719.75,1682754.79
484,20190815,-0.022,5.79,-4058.07,2334366.0799999977,386719.75,1686802.65
485,20190816,-0.024,5.77,-4621.08,2338987.159999998,386719.75,1685586.09
486,20190819,-0.017,5.83,-2920.05,2341907.2099999976,386719.75,1706025.46
487,20190820,-0.018,5.82,-3497.06,2345404.2699999977,386719.75,1706586.7
488,20190821,-0.018,5.82,-3497.06,2348901.3299999977,386719.75,1710074.28
489,20190822,-0.019,5.81,-3491.06,2352392.389999998,386719.75,1710617.54
490,20190823,-0.017,5.83,-2920.05,2355312.4399999976,386719.75,1719417.47
491,20190826,-0.022,5.78,-4051.07,2359363.5099999974,386719.75,1708711.8
492,20190827,-0.018,5.82,-3497.06,2362860.5699999975,386719.75,1724024.58
493,20190828,-0.016,5.83,-2920.05,2365780.6199999973,386719.75,1729898.17
494,20190829,-0.016,5.83,-2920.05,2368700.669999997,386719.75,1732809.48
495,20190830,-0.018,5.81,-3491.06,2372191.729999997,386719.75,1730346.5
496,20190902,-0.011,5.88,-1769.03,2373960.759999997,386719.75,1752956.18
497,20190903,-0.009,5.9,-1775.03,2375735.789999997,386719.75,1760686.47
498,20190904,-0.012,6.01,-1808.03,2377543.8199999966,386719.75,1795314.1
499,20190905,-0.006,6.06,-611.01,2378154.8299999963,386719.75,1810855.64
500,20190906,-0.004,6.08,-613.01,2378767.839999996,386719.75,1817439.39
501,20190909,-0.002,6.09,-0.0,2378767.839999996,386719.75,1820428.65
502,20190910,-0.001,6.1,-0.0,2378767.839999996,386719.75,1823417.91
503,20190911,-0.005,6.15,-620.01,2379387.849999996,386719.75,1838978.42
504,20190912,-0.003,6.17,-0.0,2379387.849999996,386719.75,1844958.94
505,20190916,-0.007,6.13,-1231.02,2380618.869999996,386719.75,1834222.35
506,20190917,-0.004,6.06,-611.01,2381229.8799999957,386719.75,1813881.8
507,20190918,-0.004,6.05,-610.01,2381839.8899999955,386719.75,1811492.78
508,20190919,-0.001,6.08,-0.0,2381839.8899999955,386719.75,1820475.54
509,20190920,-0.011,6.09,-1832.03,2383671.9199999953,386719.75,1825294.48
510,20190923,-0.004,6.05,-610.01,2384281.929999995,386719.75,1813909.72
511,20190924,-0.005,6.04,-609.01,2384890.939999995,386719.75,1811514.71
512,20190925,-0.005,6.03,-608.01,2385498.9499999946,386719.75,1809117.7
513,20190926,-0.002,6.06,-0.0,2385498.9499999946,386719.75,1818118.43
514,20190927,-0.004,6.04,-609.01,2386107.9599999944,386719.75,1812721.18
515,20190930,-0.005,6.02,-607.01,2386714.969999994,386719.75,1807319.92
516,20191008,-0.01,6.08,-1829.03,2388543.999999994,386719.75,1827155.07
517,20191009,-0.003,6.14,-0.0,2388543.999999994,386719.75,1845186.5
518,20191010,-0.006,6.11,-616.01,2389160.0099999937,386719.75,1836781.01
519,20191011,0.022,6.17,4309.61,2389160.0099999937,391029.36,1850504.91
520,20191014,0.032,6.27,6258.63,2389160.0099999937,397287.99,1874235.31
521,20191015,0.031,6.26,5623.28,2389160.0099999937,402911.27,1865619.18
522,20191016,0.027,6.23,4973.94,2389160.0099999937,407885.21,1851700.68
523,20191017,0.025,6.22,4965.94,2389160.0099999937,412851.15,1843758.7
524,20191018,-0.008,6.09,-1223.02,2390383.0299999937,412851.15,1806439.39
525,20191021,-0.001,6.15,-0.0,2390383.0299999937,412851.15,1824237.11
526,20191022,0.018,6.16,3071.87,2390383.0299999937,415923.02,1824127.3
527,20191023,-0.002,6.14,-0.0,2390383.0299999937,415923.02,1818204.71
528,20191024,0.021,6.19,3705.23,2390383.0299999937,419628.25,1829301.88
529,20191025,0.021,6.19,3705.23,2390383.0299999937,423333.48,1825592.59
530,20191028,0.019,6.18,3699.23,2390383.0299999937,427032.70999999996,1818939.97
531,20191029,0.017,6.16,3071.87,2390383.0299999937,430104.57999999996,1809977.24
532,20191030,0.017,6.16,3071.87,2390383.0299999937,433176.44999999995,1806901.14
533,20191031,-0.028,6.15,-5540.09,2395923.1199999936,433176.44999999995,1809495.8
534,20191101,-0.024,6.18,-4331.07,2400254.1899999934,433176.44999999995,1822643.28
535,20191104,-0.023,6.19,-4338.07,2404592.2599999933,433176.44999999995,1829920.1
536,20191105,-0.015,6.26,-2509.04,2407101.2999999933,433176.44999999995,1853115.03
537,20191106,-0.015,6.26,-2509.04,2409610.3399999933,433176.44999999995,1855615.86
538,20191107,-0.015,6.26,-2509.04,2412119.3799999934,433176.44999999995,1858116.69
539,20191108,-0.021,6.2,-3725.06,2415844.4399999934,433176.44999999995,1844022.27
540,20191111,-0.028,6.13,-5522.09,2421366.5299999933,433176.44999999995,1828712.34
541,20191112,-0.026,6.15,-4925.08,2426291.6099999934,433176.44999999995,1839592.64
542,20191113,-0.029,6.12,-5513.09,2431804.699999993,433176.44999999995,1836119.9
543,20191114,-0.031,6.1,-6105.1,2437909.7999999933,433176.44999999995,1836211.69
544,20191115,-0.031,6.1,-6105.1,2444014.8999999934,433176.44999999995,1842303.96
545,20191118,-0.026,6.14,-4917.08,2448931.9799999935,433176.44999999995,1859290.62
546,20191119,-0.027,6.13,-4909.08,2453841.0599999935,433176.44999999995,1861160.2
547,20191120,-0.032,6.08,-6085.1,2459926.1599999936,433176.44999999995,1852051.5
548,20191121,-0.032,6.08,-6085.1,2466011.2599999937,433176.44999999995,1858123.8
549,20191122,-0.032,6.08,-6085.1,2472096.359999994,433176.44999999995,1864196.1
550,20191125,-0.021,6.18,-3713.06,2475809.419999994,433176.44999999995,1898561.03
551,20191126,-0.02,6.19,-3719.06,2479528.479999994,433176.44999999995,1905342.48
552,20191127,-0.024,6.15,-4310.07,2483838.5499999938,433176.44999999995,1897329.44
553,20191128,-0.023,6.16,-4317.07,2488155.6199999936,433176.44999999995,1904721.12
554,20191129,-0.022,6.17,-4324.07,2492479.6899999934,433176.44999999995,1912126.78
555,20191202,-0.022,6.17,-4324.07,2496803.7599999933,433176.44999999995,1916440.31
556,20191203,-0.021,6.18,-3713.06,2500516.8199999933,433176.44999999995,1923249.73
557,20191204,-0.023,6.16,-4317.07,2504833.889999993,433176.44999999995,1921332.06
558,20191205,-0.021,6.18,-3713.06,2508546.949999993,433176.44999999995,1931273.56
559,20191206,-0.019,6.19,-3719.06,2512266.0099999933,433176.44999999995,1938107.94
560,20191209,-0.017,6.21,-3110.05,2515376.059999993,433176.44999999995,1947471.18
561,20191210,-0.018,6.19,-3100.05,2518476.109999993,433176.44999999995,1944290.11
562,20191211,-0.017,6.2,-3105.05,2521581.1599999927,433176.44999999995,1950527.25
563,20191212,-0.017,6.19,-3100.05,2524681.2099999925,433176.44999999995,1950472.27
564,20191213,-0.009,6.27,-1259.02,2525940.2299999925,433176.44999999995,1976933.13
565,20191216,-0.01,6.25,-1880.03,2527820.2599999923,433176.44999999995,1972499.65
566,20191217,-0.003,6.32,-0.0,2527820.2599999923,433176.44999999995,1994592.0
567,20191218,-0.005,6.29,-634.01,2528454.269999992,433176.44999999995,1985752.05
568,20191219,-0.004,6.3,-635.01,2529089.279999992,433176.44999999995,1989538.3
569,20191220,-0.004,6.3,-635.01,2529724.2899999917,433176.44999999995,1990167.51
570,20191223,-0.009,6.25,-1255.02,2530979.3099999917,433176.44999999995,1975620.69
571,20191224,-0.007,6.26,-1257.02,2532236.3299999917,433176.44999999995,1980032.15
572,20191225,-0.01,6.23,-1874.03,2534110.3599999915,433176.44999999995,1972409.66
573,20191226,-0.007,6.25,-1255.02,2535365.3799999915,433176.44999999995,1979990.16
574,20191227,-0.005,6.27,-632.01,2535997.3899999913,433176.44999999995,1986952.43
575,20191230,-0.001,6.31,-0.0,2535997.3899999913,433176.44999999995,1999628.57
576,20191231,-0.004,6.31,-636.01,2536633.399999991,433176.44999999995,2000258.77
577,20200102,-0.013,6.36,-2549.04,2539182.439999991,433176.44999999995,2018649.71
578,20200103,-0.001,6.34,-0.0,2539182.439999991,433176.44999999995,2012301.66
579,20200106,-0.001,6.3,-0.0,2539182.439999991,433176.44999999995,1999605.54
